<?xml version="1.0" encoding="UTF-8"?>
<jcr:root xmlns:cq="http://www.day.com/jcr/cq/1.0" xmlns:jcr="http://www.jcp.org/jcr/1.0"
    jcr:primaryType="cq:Dialog"
    xtype="dialog">
    <items jcr:primaryType="cq:WidgetCollection">
        <tabPanel
            jcr:primaryType="cq:TabPanel"
            xtype="tabpanel">
            <items jcr:primaryType="cq:WidgetCollection">
                <configuration
                    jcr:primaryType="cq:Widget"
                    anchor="100%"
                    title="Configuration"
                    xtype="panel">
                    <items jcr:primaryType="cq:WidgetCollection">
                        <dispatcher
                            jcr:primaryType="cq:Widget"
                            allowBlank="true"
                            fieldLabel="Dispatcher URL"
                            name="./dispatcher"
                            xtype="textfield"/>
                        <author
                            jcr:primaryType="cq:Widget"
                            allowBlank="true"
                            fieldLabel="Author URL"
                            name="./author"
                            xtype="textfield"/>
                        <authorCredentials
                            jcr:primaryType="cq:Widget"
                            allowBlank="false"
                            fieldLabel="Author Credentials"
                            name="./authorCredentials"
                            defaultValue="admin:admin"
                            xtype="textfield"/>
                        <publish
                            jcr:primaryType="cq:Widget"
                            allowBlank="true"
                            fieldLabel="Publish URL"
                            name="./publish"
                            xtype="textfield"/>
                        <publishCredentials
                            jcr:primaryType="cq:Widget"
                            allowBlank="true"
                            fieldLabel="Publish Credentials"
                            name="./publishCredentials"
                            defaultValue="admin:admin"
                            xtype="textfield"/>
                    </items>
                </configuration>
            </items>
        </tabPanel>
    </items>
</jcr:root>
