<?xml version="1.0" encoding="UTF-8"?>
<jcr:root xmlns:sling="http://sling.apache.org/jcr/sling/1.0" xmlns:cq="http://www.day.com/jcr/cq/1.0" xmlns:jcr="http://www.jcp.org/jcr/1.0"
    jcr:primaryType="cq:Page">
    <jcr:content
        jcr:primaryType="cq:PageContent"
        jcr:title="Secure AEM"
        sling:resourceType="cognifide/secureaem/renderers/mainRenderer">
    </jcr:content>
    <config-validation/>
    <default-passwords/>
    <crxde-logs/>
    <dispatcher-access/>
    <shindig-proxy/>
    <third-party/>
    <groovy-console/>
    <etc-tools/>
    <content-grabbing/>
    <feed-selector/>
    <wcm-debug/>
    <webdav/>
    <felix-console/>
    <geometrixx/>
    <redundant-selectors/>
    <error-handler/>
    <wcm-filter/>
    <html-library-manager/>
    <sling-js-handler/>
    <sling-jsp-script-handler/>
    <crx-development-bundles/>
    <replication-transport-users/>
    <sling-development-bundle/>
    <sling-referrer-filter/>
</jcr:root>
