<?xml version="1.0" encoding="UTF-8"?>
<jcr:root xmlns:sling="http://sling.apache.org/jcr/sling/1.0" xmlns:cq="http://www.day.com/jcr/cq/1.0" xmlns:jcr="http://www.jcp.org/jcr/1.0"
    jcr:primaryType="cq:Page">
    <jcr:content
        jcr:primaryType="cq:PageContent"
        jcr:title="Secure CQ"
        sling:resourceType="cognifide/securecq/renderers/mainRenderer">
    </jcr:content>
    <config-validation/>
    <default-passwords/>
    <dispatcher-access/>
    <shindig-proxy/>
    <etc-tools/>
    <content-grabbing/>
    <feed-selector/>
    <wcm-debug/>
    <webdav/>
    <geometrixx/>
    <redundant-selectors/>
</jcr:root>
