<?xml version="1.0" encoding="UTF-8"?>
<jcr:root xmlns:cq="http://www.day.com/jcr/cq/1.0" xmlns:jcr="http://www.jcp.org/jcr/1.0"
    jcr:primaryType="cq:Dialog"
    height="400"
    xtype="dialog">
    <items jcr:primaryType="cq:WidgetCollection">
        <tabPanel
            jcr:primaryType="cq:TabPanel"
            xtype="tabpanel">
            <items jcr:primaryType="cq:WidgetCollection">
                <general
                    jcr:primaryType="cq:Widget"
                    path="/apps/cognifide/secureaem/renderers/testRenderer/tab_general.infinity.json"
                    xtype="cqinclude"/>
                <configuration
                    jcr:primaryType="cq:Widget"
                    anchor="100%"
                    title="Test configuration"
                    xtype="panel">
                    <items jcr:primaryType="cq:WidgetCollection">
                        <title
                            jcr:primaryType="cq:Widget"
                            allowBlank="false"
                            fieldLabel="Credentials"
                            name="./testComponent/users"
                            xtype="textfield"/>
                    </items>
                </configuration>
            </items>
        </tabPanel>
    </items>
</jcr:root>
